{
	"format_version": "flatiron-probe-0.2",
	"probe_name": "int64-1dbc",
	"probe_type": "siprobe",
	"channel": [15, 14, 13, 12, 11, 10, 9, 8, 7, 6, 5, 4, 3, 2, 1, 0, 31, 30, 29, 28, 27, 26, 25, 24, 23, 22, 21, 20, 19, 18, 17, 16, 32, 33, 34, 35, 36, 37, 38, 39, 40, 41, 42, 43, 44, 45, 46, 47, 48, 49, 50, 51, 52, 53, 54, 55, 56, 57, 58, 59, 60, 61, 62, 63],
	"x": [-6.5, -14.4286, 2.85714, -17.2857, 5.71429, -20.1429, 8.57143, -23, 11.4286, -25.8571, 14.2857, -28.7143, 17.1429, -31.5714, 20, -34.4286, 243.5, 235.571, 252.857, 232.714, 255.714, 229.857, 258.571, 227, 261.429, 224.143, 264.286, 221.286, 267.143, 218.429, 270, 215.571, 493.5, 485.571, 502.857, 482.714, 505.714, 479.857, 508.571, 477, 511.429, 474.143, 514.286, 471.286, 517.143, 468.429, 520, 465.571, 743.5, 735.571, 752.857, 732.714, 755.714, 729.857, 758.571, 727, 761.429, 724.143, 764.286, 721.286, 767.143, 718.429, 770, 715.571],
	"y": [0, 20, 40, 60, 80, 100, 120, 140, 160, 180, 200, 220, 240, 260, 280, 300, 0, 20, 40, 60, 80, 100, 120, 140, 160, 180, 200, 220, 240, 260, 280, 300, 0, 20, 40, 60, 80, 100, 120, 140, 160, 180, 200, 220, 240, 260, 280, 300, 0, 20, 40, 60, 80, 100, 120, 140, 160, 180, 200, 220, 240, 260, 280, 300],
	"z": [0, 0, 0, 0, 0, 0, 0, 0, 0, 0, 0, 0, 0, 0, 0, 0, 0, 0, 0, 0, 0, 0, 0, 0, 0, 0, 0, 0, 0, 0, 0, 0, 0, 0, 0, 0, 0, 0, 0, 0, 0, 0, 0, 0, 0, 0, 0, 0, 0, 0, 0, 0, 0, 0, 0, 0, 0, 0, 0, 0, 0, 0, 0, 0],
	"group": [0, 0, 0, 0, 0, 0, 0, 0, 0, 0, 0, 0, 0, 0, 0, 0, 1, 1, 1, 1, 1, 1, 1, 1, 1, 1, 1, 1, 1, 1, 1, 1, 2, 2, 2, 2, 2, 2, 2, 2, 2, 2, 2, 2, 2, 2, 2, 2, 3, 3, 3, 3, 3, 3, 3, 3, 3, 3, 3, 3, 3, 3, 3, 3],
	"site_width": 11,
	"site_height": 15
}